13-08-2020 14:16:54.496,2209792,1597,
13-08-2020 14:16:54.496,2209792,1614,
13-08-2020 14:16:54.496,2209792,1629,
13-08-2020 14:16:54.496,2209792,1643,
13-08-2020 14:16:54.496,2209792,1644,
13-08-2020 14:16:54.496,2209792,1645,
13-08-2020 14:16:54.496,2209792,1627,
13-08-2020 14:16:54.496,2209792,1609,
13-08-2020 14:16:54.496,2209792,1577,
13-08-2020 14:16:54.496,2209792,1545,
13-08-2020 14:16:54.496,2209792,1521,
13-08-2020 14:16:54.496,2209792,1496,
13-08-2020 14:16:54.496,2209792,1505,
13-08-2020 14:16:54.496,2209792,1514,
13-08-2020 14:16:54.496,2209792,1580,
13-08-2020 14:16:54.496,2209792,1645,
13-08-2020 14:16:54.496,2209792,1771,
13-08-2020 14:16:54.496,2209792,1896,
13-08-2020 14:16:54.496,2209792,2067,
13-08-2020 14:16:54.496,2209792,2237,
13-08-2020 14:16:54.496,2209792,2417,
13-08-2020 14:16:54.496,2209792,2597,
13-08-2020 14:16:54.496,2209792,2749,
13-08-2020 14:16:54.496,2209792,2901,
13-08-2020 14:16:54.496,2209792,2986,
13-08-2020 14:16:54.496,2209792,3071,
13-08-2020 14:16:54.496,2209792,3071,
13-08-2020 14:16:54.496,2209792,3071,
13-08-2020 14:16:54.496,2209792,3071,
13-08-2020 14:16:54.496,2209792,3071,
13-08-2020 14:16:54.496,2209792,3023,
13-08-2020 14:16:54.496,2209792,2975,
13-08-2020 14:16:54.752,2211840,2918,
13-08-2020 14:16:54.752,2211840,2861,
13-08-2020 14:16:54.752,2211840,2814,
13-08-2020 14:16:54.752,2211840,2767,
13-08-2020 14:16:54.752,2211840,2732,
13-08-2020 14:16:54.752,2211840,2697,
13-08-2020 14:16:54.752,2211840,2670,
13-08-2020 14:16:54.752,2211840,2643,
13-08-2020 14:16:54.752,2211840,2618,
13-08-2020 14:16:54.752,2211840,2593,
13-08-2020 14:16:54.752,2211840,2568,
13-08-2020 14:16:54.752,2211840,2542,
13-08-2020 14:16:54.752,2211840,2520,
13-08-2020 14:16:54.752,2211840,2498,
13-08-2020 14:16:54.752,2211840,2487,
13-08-2020 14:16:54.752,2211840,2475,
13-08-2020 14:16:54.752,2211840,2480,
13-08-2020 14:16:54.752,2211840,2484,
13-08-2020 14:16:54.752,2211840,2505,
13-08-2020 14:16:54.752,2211840,2525,
13-08-2020 14:16:54.752,2211840,2556,
13-08-2020 14:16:54.752,2211840,2586,
13-08-2020 14:16:54.752,2211840,2615,
13-08-2020 14:16:54.752,2211840,2643,
13-08-2020 14:16:54.752,2211840,2659,
13-08-2020 14:16:54.752,2211840,2675,
13-08-2020 14:16:54.752,2211840,2672,
13-08-2020 14:16:54.752,2211840,2668,
13-08-2020 14:16:54.752,2211840,2647,
13-08-2020 14:16:54.752,2211840,2625,
13-08-2020 14:16:54.752,2211840,2594,
13-08-2020 14:16:54.752,2211840,2562,
13-08-2020 14:16:55.008,2213888,2531,
13-08-2020 14:16:55.008,2213888,2500,
13-08-2020 14:16:55.008,2213888,2477,
13-08-2020 14:16:55.008,2213888,2453,
13-08-2020 14:16:55.008,2213888,2438,
13-08-2020 14:16:55.008,2213888,2423,
13-08-2020 14:16:55.008,2213888,2409,
13-08-2020 14:16:55.008,2213888,2395,
13-08-2020 14:16:55.008,2213888,2374,
13-08-2020 14:16:55.008,2213888,2353,
13-08-2020 14:16:55.008,2213888,2320,
13-08-2020 14:16:55.008,2213888,2287,
13-08-2020 14:16:55.008,2213888,2245,
13-08-2020 14:16:55.008,2213888,2202,
13-08-2020 14:16:55.008,2213888,2155,
13-08-2020 14:16:55.008,2213888,2108,
13-08-2020 14:16:55.008,2213888,2066,
13-08-2020 14:16:55.008,2213888,2023,
13-08-2020 14:16:55.008,2213888,1984,
13-08-2020 14:16:55.008,2213888,1945,
13-08-2020 14:16:55.008,2213888,1902,
13-08-2020 14:16:55.008,2213888,1859,
13-08-2020 14:16:55.008,2213888,1798,
13-08-2020 14:16:55.008,2213888,1737,
13-08-2020 14:16:55.008,2213888,1645,
13-08-2020 14:16:55.008,2213888,1553,
13-08-2020 14:16:55.008,2213888,1428,
13-08-2020 14:16:55.008,2213888,1303,
13-08-2020 14:16:55.008,2213888,1164,
13-08-2020 14:16:55.008,2213888,1024,
13-08-2020 14:16:55.008,2213888,1024,
13-08-2020 14:16:55.008,2213888,1024,
13-08-2020 14:16:55.264,2215936,1024,
13-08-2020 14:16:55.264,2215936,1024,
13-08-2020 14:16:55.264,2215936,1024,
13-08-2020 14:16:55.264,2215936,1024,
13-08-2020 14:16:55.264,2215936,1024,
13-08-2020 14:16:55.264,2215936,1024,
13-08-2020 14:16:55.264,2215936,1024,
13-08-2020 14:16:55.264,2215936,1024,
13-08-2020 14:16:55.264,2215936,1046,
13-08-2020 14:16:55.264,2215936,1067,
13-08-2020 14:16:55.264,2215936,1119,
13-08-2020 14:16:55.264,2215936,1171,
13-08-2020 14:16:55.264,2215936,1220,
13-08-2020 14:16:55.264,2215936,1268,
13-08-2020 14:16:55.264,2215936,1311,
13-08-2020 14:16:55.264,2215936,1353,
13-08-2020 14:16:55.264,2215936,1390,
13-08-2020 14:16:55.264,2215936,1426,
13-08-2020 14:16:55.264,2215936,1456,
13-08-2020 14:16:55.264,2215936,1486,
13-08-2020 14:16:55.264,2215936,1506,
13-08-2020 14:16:55.264,2215936,1526,
13-08-2020 14:16:55.264,2215936,1532,
13-08-2020 14:16:55.264,2215936,1538,
13-08-2020 14:16:55.264,2215936,1528,
13-08-2020 14:16:55.264,2215936,1517,
13-08-2020 14:16:55.264,2215936,1495,
13-08-2020 14:16:55.264,2215936,1472,
13-08-2020 14:16:55.264,2215936,1447,
13-08-2020 14:16:55.264,2215936,1422,
13-08-2020 14:16:55.264,2215936,1411,
13-08-2020 14:16:55.264,2215936,1400,
13-08-2020 14:16:55.520,2217984,1417,
13-08-2020 14:16:55.520,2217984,1433,
13-08-2020 14:16:55.520,2217984,1486,
13-08-2020 14:16:55.520,2217984,1538,
13-08-2020 14:16:55.520,2217984,1623,
13-08-2020 14:16:55.520,2217984,1708,
13-08-2020 14:16:55.520,2217984,1813,
13-08-2020 14:16:55.520,2217984,1918,
13-08-2020 14:16:55.520,2217984,2023,
13-08-2020 14:16:55.520,2217984,2127,
13-08-2020 14:16:55.520,2217984,2213,
13-08-2020 14:16:55.520,2217984,2298,
13-08-2020 14:16:55.520,2217984,2354,
13-08-2020 14:16:55.520,2217984,2410,
13-08-2020 14:16:55.520,2217984,2436,
13-08-2020 14:16:55.520,2217984,2461,
13-08-2020 14:16:55.520,2217984,2464,
13-08-2020 14:16:55.520,2217984,2467,
13-08-2020 14:16:55.520,2217984,2459,
13-08-2020 14:16:55.520,2217984,2451,
13-08-2020 14:16:55.520,2217984,2442,
13-08-2020 14:16:55.520,2217984,2433,
13-08-2020 14:16:55.520,2217984,2427,
13-08-2020 14:16:55.520,2217984,2420,
13-08-2020 14:16:55.520,2217984,2417,
13-08-2020 14:16:55.520,2217984,2414,
13-08-2020 14:16:55.520,2217984,2410,
13-08-2020 14:16:55.520,2217984,2405,
13-08-2020 14:16:55.520,2217984,2399,
13-08-2020 14:16:55.520,2217984,2392,
13-08-2020 14:16:55.520,2217984,2383,
13-08-2020 14:16:55.520,2217984,2373,
13-08-2020 14:16:55.776,2220032,2364,
13-08-2020 14:16:55.776,2220032,2355,
13-08-2020 14:16:55.776,2220032,2350,
13-08-2020 14:16:55.776,2220032,2345,
13-08-2020 14:16:55.776,2220032,2347,
13-08-2020 14:16:55.776,2220032,2348,
13-08-2020 14:16:55.776,2220032,2356,
13-08-2020 14:16:55.776,2220032,2363,
13-08-2020 14:16:55.776,2220032,2374,
13-08-2020 14:16:55.776,2220032,2384,
13-08-2020 14:16:55.776,2220032,2394,
13-08-2020 14:16:55.776,2220032,2403,
13-08-2020 14:16:55.776,2220032,2408,
13-08-2020 14:16:55.776,2220032,2413,
13-08-2020 14:16:55.776,2220032,2413,
13-08-2020 14:16:55.776,2220032,2412,
13-08-2020 14:16:55.776,2220032,2405,
13-08-2020 14:16:55.776,2220032,2398,
13-08-2020 14:16:55.776,2220032,2387,
13-08-2020 14:16:55.776,2220032,2375,
13-08-2020 14:16:55.776,2220032,2359,
13-08-2020 14:16:55.776,2220032,2343,
13-08-2020 14:16:55.776,2220032,2325,
13-08-2020 14:16:55.776,2220032,2307,
13-08-2020 14:16:55.776,2220032,2288,
13-08-2020 14:16:55.776,2220032,2268,
13-08-2020 14:16:55.776,2220032,2248,
13-08-2020 14:16:55.776,2220032,2227,
13-08-2020 14:16:55.776,2220032,2208,
13-08-2020 14:16:55.776,2220032,2189,
13-08-2020 14:16:55.776,2220032,2171,
13-08-2020 14:16:55.776,2220032,2153,
13-08-2020 14:16:56.032,2222080,2137,
13-08-2020 14:16:56.032,2222080,2121,
13-08-2020 14:16:56.032,2222080,2106,
13-08-2020 14:16:56.032,2222080,2091,
13-08-2020 14:16:56.032,2222080,2076,
13-08-2020 14:16:56.032,2222080,2060,
13-08-2020 14:16:56.032,2222080,2044,
13-08-2020 14:16:56.032,2222080,2027,
13-08-2020 14:16:56.032,2222080,2010,
13-08-2020 14:16:56.032,2222080,1992,
13-08-2020 14:16:56.032,2222080,1975,
13-08-2020 14:16:56.032,2222080,1957,
13-08-2020 14:16:56.032,2222080,1940,
13-08-2020 14:16:56.032,2222080,1923,
13-08-2020 14:16:56.032,2222080,1909,
13-08-2020 14:16:56.032,2222080,1895,
13-08-2020 14:16:56.032,2222080,1883,
13-08-2020 14:16:56.032,2222080,1871,
13-08-2020 14:16:56.032,2222080,1861,
13-08-2020 14:16:56.032,2222080,1851,
13-08-2020 14:16:56.032,2222080,1841,
13-08-2020 14:16:56.032,2222080,1830,
13-08-2020 14:16:56.032,2222080,1818,
13-08-2020 14:16:56.032,2222080,1805,
13-08-2020 14:16:56.032,2222080,1792,
13-08-2020 14:16:56.032,2222080,1778,
13-08-2020 14:16:56.032,2222080,1765,
13-08-2020 14:16:56.032,2222080,1751,
13-08-2020 14:16:56.032,2222080,1741,
13-08-2020 14:16:56.032,2222080,1730,
13-08-2020 14:16:56.032,2222080,1724,
13-08-2020 14:16:56.032,2222080,1717,
13-08-2020 14:16:56.288,2224128,1712,
13-08-2020 14:16:56.288,2224128,1707,
13-08-2020 14:16:56.288,2224128,1700,
13-08-2020 14:16:56.288,2224128,1693,
13-08-2020 14:16:56.288,2224128,1681,
13-08-2020 14:16:56.288,2224128,1668,
13-08-2020 14:16:56.288,2224128,1651,
13-08-2020 14:16:56.288,2224128,1634,
13-08-2020 14:16:56.288,2224128,1619,
13-08-2020 14:16:56.288,2224128,1604,
13-08-2020 14:16:56.288,2224128,1603,
13-08-2020 14:16:56.288,2224128,1602,
13-08-2020 14:16:56.288,2224128,1627,
13-08-2020 14:16:56.288,2224128,1651,
13-08-2020 14:16:56.288,2224128,1708,
13-08-2020 14:16:56.288,2224128,1764,
13-08-2020 14:16:56.288,2224128,1847,
13-08-2020 14:16:56.288,2224128,1930,
13-08-2020 14:16:56.288,2224128,2026,
13-08-2020 14:16:56.288,2224128,2121,
13-08-2020 14:16:56.288,2224128,2209,
13-08-2020 14:16:56.288,2224128,2297,
13-08-2020 14:16:56.288,2224128,2362,
13-08-2020 14:16:56.288,2224128,2426,
13-08-2020 14:16:56.288,2224128,2460,
13-08-2020 14:16:56.288,2224128,2493,
13-08-2020 14:16:56.288,2224128,2498,
13-08-2020 14:16:56.288,2224128,2503,
13-08-2020 14:16:56.288,2224128,2491,
13-08-2020 14:16:56.288,2224128,2478,
13-08-2020 14:16:56.288,2224128,2461,
13-08-2020 14:16:56.288,2224128,2443,
13-08-2020 14:16:56.544,2226176,2429,
13-08-2020 14:16:56.544,2226176,2415,
13-08-2020 14:16:56.544,2226176,2406,
13-08-2020 14:16:56.544,2226176,2396,
13-08-2020 14:16:56.544,2226176,2389,
13-08-2020 14:16:56.544,2226176,2382,
13-08-2020 14:16:56.544,2226176,2372,
13-08-2020 14:16:56.544,2226176,2362,
13-08-2020 14:16:56.544,2226176,2347,
13-08-2020 14:16:56.544,2226176,2331,
13-08-2020 14:16:56.544,2226176,2310,
13-08-2020 14:16:56.544,2226176,2288,
13-08-2020 14:16:56.544,2226176,2264,
13-08-2020 14:16:56.544,2226176,2240,
13-08-2020 14:16:56.544,2226176,2216,
13-08-2020 14:16:56.544,2226176,2192,
13-08-2020 14:16:56.544,2226176,2173,
13-08-2020 14:16:56.544,2226176,2153,
13-08-2020 14:16:56.544,2226176,2138,
13-08-2020 14:16:56.544,2226176,2122,
13-08-2020 14:16:56.544,2226176,2112,
13-08-2020 14:16:56.544,2226176,2102,
13-08-2020 14:16:56.544,2226176,2097,
13-08-2020 14:16:56.544,2226176,2091,
13-08-2020 14:16:56.544,2226176,2089,
13-08-2020 14:16:56.544,2226176,2087,
13-08-2020 14:16:56.544,2226176,2088,
13-08-2020 14:16:56.544,2226176,2089,
13-08-2020 14:16:56.544,2226176,2093,
13-08-2020 14:16:56.544,2226176,2097,
13-08-2020 14:16:56.544,2226176,2103,
13-08-2020 14:16:56.544,2226176,2109,
13-08-2020 14:16:56.800,2228224,2118,
13-08-2020 14:16:56.800,2228224,2126,
13-08-2020 14:16:56.800,2228224,2136,
13-08-2020 14:16:56.800,2228224,2145,
13-08-2020 14:16:56.800,2228224,2154,
13-08-2020 14:16:56.800,2228224,2163,
13-08-2020 14:16:56.800,2228224,2169,
13-08-2020 14:16:56.800,2228224,2175,
13-08-2020 14:16:56.800,2228224,2175,
13-08-2020 14:16:56.800,2228224,2175,
13-08-2020 14:16:56.800,2228224,2167,
13-08-2020 14:16:56.800,2228224,2158,
13-08-2020 14:16:56.800,2228224,2141,
13-08-2020 14:16:56.800,2228224,2123,
13-08-2020 14:16:56.800,2228224,2098,
13-08-2020 14:16:56.800,2228224,2072,
13-08-2020 14:16:56.800,2228224,2041,
13-08-2020 14:16:56.800,2228224,2009,
13-08-2020 14:16:56.800,2228224,1972,
13-08-2020 14:16:56.800,2228224,1935,
13-08-2020 14:16:56.800,2228224,1893,
13-08-2020 14:16:56.800,2228224,1851,
13-08-2020 14:16:56.800,2228224,1809,
13-08-2020 14:16:56.800,2228224,1767,
13-08-2020 14:16:56.800,2228224,1730,
13-08-2020 14:16:56.800,2228224,1692,
13-08-2020 14:16:56.800,2228224,1660,
13-08-2020 14:16:56.800,2228224,1628,
13-08-2020 14:16:56.800,2228224,1602,
13-08-2020 14:16:56.800,2228224,1576,
13-08-2020 14:16:56.800,2228224,1557,
13-08-2020 14:16:56.800,2228224,1538,
13-08-2020 14:16:57.056,2230272,1527,
13-08-2020 14:16:57.056,2230272,1515,
13-08-2020 14:16:57.056,2230272,1512,
13-08-2020 14:16:57.056,2230272,1508,
13-08-2020 14:16:57.056,2230272,1512,
13-08-2020 14:16:57.056,2230272,1515,
13-08-2020 14:16:57.056,2230272,1522,
13-08-2020 14:16:57.056,2230272,1529,
13-08-2020 14:16:57.056,2230272,1523,
13-08-2020 14:16:57.056,2230272,1516,
13-08-2020 14:16:57.056,2230272,1511,
13-08-2020 14:16:57.056,2230272,1505,
13-08-2020 14:16:57.056,2230272,1505,
13-08-2020 14:16:57.056,2230272,1504,
13-08-2020 14:16:57.056,2230272,1496,
13-08-2020 14:16:57.056,2230272,1487,
13-08-2020 14:16:57.056,2230272,1466,
13-08-2020 14:16:57.056,2230272,1444,
13-08-2020 14:16:57.056,2230272,1413,
13-08-2020 14:16:57.056,2230272,1381,
13-08-2020 14:16:57.056,2230272,1355,
13-08-2020 14:16:57.056,2230272,1328,
13-08-2020 14:16:57.056,2230272,1329,
13-08-2020 14:16:57.056,2230272,1329,
13-08-2020 14:16:57.056,2230272,1379,
13-08-2020 14:16:57.056,2230272,1428,
13-08-2020 14:16:57.056,2230272,1536,
13-08-2020 14:16:57.056,2230272,1643,
13-08-2020 14:16:57.056,2230272,1800,
13-08-2020 14:16:57.056,2230272,1956,
13-08-2020 14:16:57.056,2230272,2134,
13-08-2020 14:16:57.056,2230272,2311,
13-08-2020 14:16:57.312,2232320,2474,
13-08-2020 14:16:57.312,2232320,2637,
13-08-2020 14:16:57.312,2232320,2754,
13-08-2020 14:16:57.312,2232320,2870,
13-08-2020 14:16:57.312,2232320,2927,
13-08-2020 14:16:57.312,2232320,2984,
13-08-2020 14:16:57.312,2232320,2988,
13-08-2020 14:16:57.312,2232320,2991,
13-08-2020 14:16:57.312,2232320,2964,
13-08-2020 14:16:57.312,2232320,2936,
13-08-2020 14:16:57.312,2232320,2900,
13-08-2020 14:16:57.312,2232320,2864,
13-08-2020 14:16:57.312,2232320,2836,
13-08-2020 14:16:57.312,2232320,2807,
13-08-2020 14:16:57.312,2232320,2788,
13-08-2020 14:16:57.312,2232320,2769,
13-08-2020 14:16:57.312,2232320,2755,
13-08-2020 14:16:57.312,2232320,2740,
13-08-2020 14:16:57.312,2232320,2722,
13-08-2020 14:16:57.312,2232320,2703,
13-08-2020 14:16:57.312,2232320,2678,
13-08-2020 14:16:57.312,2232320,2652,
13-08-2020 14:16:57.312,2232320,2620,
13-08-2020 14:16:57.312,2232320,2588,
13-08-2020 14:16:57.312,2232320,2557,
13-08-2020 14:16:57.312,2232320,2526,
13-08-2020 14:16:57.312,2232320,2501,
13-08-2020 14:16:57.312,2232320,2476,
13-08-2020 14:16:57.312,2232320,2461,
13-08-2020 14:16:57.312,2232320,2445,
13-08-2020 14:16:57.312,2232320,2439,
13-08-2020 14:16:57.312,2232320,2433,
13-08-2020 14:16:57.568,2234368,2433,
13-08-2020 14:16:57.568,2234368,2433,
13-08-2020 14:16:57.568,2234368,2436,
13-08-2020 14:16:57.568,2234368,2439,
13-08-2020 14:16:57.568,2234368,2441,
13-08-2020 14:16:57.568,2234368,2443,
13-08-2020 14:16:57.568,2234368,2441,
13-08-2020 14:16:57.568,2234368,2438,
13-08-2020 14:16:57.568,2234368,2428,
13-08-2020 14:16:57.568,2234368,2418,
13-08-2020 14:16:57.568,2234368,2400,
13-08-2020 14:16:57.568,2234368,2382,
13-08-2020 14:16:57.568,2234368,2357,
13-08-2020 14:16:57.568,2234368,2332,
13-08-2020 14:16:57.568,2234368,2305,
13-08-2020 14:16:57.568,2234368,2278,
13-08-2020 14:16:57.568,2234368,2253,
13-08-2020 14:16:57.568,2234368,2228,
13-08-2020 14:16:57.568,2234368,2210,
13-08-2020 14:16:57.568,2234368,2192,
13-08-2020 14:16:57.568,2234368,2179,
13-08-2020 14:16:57.568,2234368,2166,
13-08-2020 14:16:57.568,2234368,2157,
13-08-2020 14:16:57.568,2234368,2147,
13-08-2020 14:16:57.568,2234368,2137,
13-08-2020 14:16:57.568,2234368,2127,
13-08-2020 14:16:57.568,2234368,2116,
13-08-2020 14:16:57.568,2234368,2104,
13-08-2020 14:16:57.568,2234368,2092,
13-08-2020 14:16:57.568,2234368,2080,
13-08-2020 14:16:57.568,2234368,2073,
13-08-2020 14:16:57.568,2234368,2065,
13-08-2020 14:16:57.824,2236416,2062,
13-08-2020 14:16:57.824,2236416,2058,
13-08-2020 14:16:57.824,2236416,2059,
13-08-2020 14:16:57.824,2236416,2059,
13-08-2020 14:16:57.824,2236416,2058,
13-08-2020 14:16:57.824,2236416,2057,
13-08-2020 14:16:57.824,2236416,2052,
13-08-2020 14:16:57.824,2236416,2046,
13-08-2020 14:16:57.824,2236416,2034,
13-08-2020 14:16:57.824,2236416,2022,
13-08-2020 14:16:57.824,2236416,2009,
13-08-2020 14:16:57.824,2236416,1995,
13-08-2020 14:16:57.824,2236416,1983,
13-08-2020 14:16:57.824,2236416,1971,
13-08-2020 14:16:57.824,2236416,1963,
13-08-2020 14:16:57.824,2236416,1954,
13-08-2020 14:16:57.824,2236416,1944,
13-08-2020 14:16:57.824,2236416,1934,
13-08-2020 14:16:57.824,2236416,1914,
13-08-2020 14:16:57.824,2236416,1893,
13-08-2020 14:16:57.824,2236416,1855,
13-08-2020 14:16:57.824,2236416,1817,
13-08-2020 14:16:57.824,2236416,1762,
13-08-2020 14:16:57.824,2236416,1707,
13-08-2020 14:16:57.824,2236416,1644,
13-08-2020 14:16:57.824,2236416,1581,
13-08-2020 14:16:57.824,2236416,1523,
13-08-2020 14:16:57.824,2236416,1465,
13-08-2020 14:16:57.824,2236416,1422,
13-08-2020 14:16:57.824,2236416,1379,
13-08-2020 14:16:57.824,2236416,1353,
13-08-2020 14:16:57.824,2236416,1326,
13-08-2020 14:16:58.080,2238464,1309,
13-08-2020 14:16:58.080,2238464,1292,
13-08-2020 14:16:58.080,2238464,1276,
13-08-2020 14:16:58.080,2238464,1259,
13-08-2020 14:16:58.080,2238464,1244,
13-08-2020 14:16:58.080,2238464,1229,
13-08-2020 14:16:58.080,2238464,1228,
13-08-2020 14:16:58.080,2238464,1226,
13-08-2020 14:16:58.080,2238464,1262,
13-08-2020 14:16:58.080,2238464,1298,
13-08-2020 14:16:58.080,2238464,1390,
13-08-2020 14:16:58.080,2238464,1482,
13-08-2020 14:16:58.080,2238464,1636,
13-08-2020 14:16:58.080,2238464,1789,
13-08-2020 14:16:58.080,2238464,1983,
13-08-2020 14:16:58.080,2238464,2177,
13-08-2020 14:16:58.080,2238464,2375,
13-08-2020 14:16:58.080,2238464,2572,
13-08-2020 14:16:58.080,2238464,2728,
13-08-2020 14:16:58.080,2238464,2883,
13-08-2020 14:16:58.080,2238464,2965,
13-08-2020 14:16:58.080,2238464,3047,
13-08-2020 14:16:58.080,2238464,3050,
13-08-2020 14:16:58.080,2238464,3052,
13-08-2020 14:16:58.080,2238464,2994,
13-08-2020 14:16:58.080,2238464,2936,
13-08-2020 14:16:58.080,2238464,2851,
13-08-2020 14:16:58.080,2238464,2766,
13-08-2020 14:16:58.080,2238464,2687,
13-08-2020 14:16:58.080,2238464,2608,
13-08-2020 14:16:58.080,2238464,2554,
13-08-2020 14:16:58.080,2238464,2500,
13-08-2020 14:16:58.336,2240512,2473,
13-08-2020 14:16:58.336,2240512,2445,
13-08-2020 14:16:58.336,2240512,2433,
13-08-2020 14:16:58.336,2240512,2421,
13-08-2020 14:16:58.336,2240512,2410,
13-08-2020 14:16:58.336,2240512,2398,
13-08-2020 14:16:58.336,2240512,2380,
13-08-2020 14:16:58.336,2240512,2361,
13-08-2020 14:16:58.336,2240512,2336,
13-08-2020 14:16:58.336,2240512,2310,
13-08-2020 14:16:58.336,2240512,2287,
13-08-2020 14:16:58.336,2240512,2263,
13-08-2020 14:16:58.336,2240512,2249,
13-08-2020 14:16:58.336,2240512,2235,
13-08-2020 14:16:58.336,2240512,2236,
13-08-2020 14:16:58.336,2240512,2236,
13-08-2020 14:16:58.336,2240512,2248,
13-08-2020 14:16:58.336,2240512,2259,
13-08-2020 14:16:58.336,2240512,2275,
13-08-2020 14:16:58.336,2240512,2291,
13-08-2020 14:16:58.336,2240512,2303,
13-08-2020 14:16:58.336,2240512,2314,
13-08-2020 14:16:58.336,2240512,2317,
13-08-2020 14:16:58.336,2240512,2319,
13-08-2020 14:16:58.336,2240512,2312,
13-08-2020 14:16:58.336,2240512,2304,
13-08-2020 14:16:58.336,2240512,2290,
13-08-2020 14:16:58.336,2240512,2275,
13-08-2020 14:16:58.336,2240512,2255,
13-08-2020 14:16:58.336,2240512,2235,
13-08-2020 14:16:58.336,2240512,2213,
13-08-2020 14:16:58.336,2240512,2191,
13-08-2020 14:16:58.592,2242560,2168,
13-08-2020 14:16:58.592,2242560,2144,
13-08-2020 14:16:58.592,2242560,2120,
13-08-2020 14:16:58.592,2242560,2096,
13-08-2020 14:16:58.592,2242560,2073,
13-08-2020 14:16:58.592,2242560,2049,
13-08-2020 14:16:58.592,2242560,2028,
13-08-2020 14:16:58.592,2242560,2007,
13-08-2020 14:16:58.592,2242560,1989,
13-08-2020 14:16:58.592,2242560,1971,
13-08-2020 14:16:58.592,2242560,1957,
13-08-2020 14:16:58.592,2242560,1942,
13-08-2020 14:16:58.592,2242560,1929,
13-08-2020 14:16:58.592,2242560,1916,
13-08-2020 14:16:58.592,2242560,1903,
13-08-2020 14:16:58.592,2242560,1890,
13-08-2020 14:16:58.592,2242560,1877,
13-08-2020 14:16:58.592,2242560,1863,
13-08-2020 14:16:58.592,2242560,1850,
13-08-2020 14:16:58.592,2242560,1837,
13-08-2020 14:16:58.592,2242560,1826,
13-08-2020 14:16:58.592,2242560,1815,
13-08-2020 14:16:58.592,2242560,1807,
13-08-2020 14:16:58.592,2242560,1799,
13-08-2020 14:16:58.592,2242560,1794,
13-08-2020 14:16:58.592,2242560,1789,
13-08-2020 14:16:58.592,2242560,1784,
13-08-2020 14:16:58.592,2242560,1779,
13-08-2020 14:16:58.592,2242560,1773,
13-08-2020 14:16:58.592,2242560,1767,
13-08-2020 14:16:58.592,2242560,1758,
13-08-2020 14:16:58.592,2242560,1749,
13-08-2020 14:16:58.848,2244608,1741,
13-08-2020 14:16:58.848,2244608,1733,
13-08-2020 14:16:58.848,2244608,1728,
13-08-2020 14:16:58.848,2244608,1722,
13-08-2020 14:16:58.848,2244608,1721,
13-08-2020 14:16:58.848,2244608,1720,
13-08-2020 14:16:58.848,2244608,1721,
13-08-2020 14:16:58.848,2244608,1722,
13-08-2020 14:16:58.848,2244608,1720,
13-08-2020 14:16:58.848,2244608,1718,
13-08-2020 14:16:58.848,2244608,1708,
13-08-2020 14:16:58.848,2244608,1697,
13-08-2020 14:16:58.848,2244608,1677,
13-08-2020 14:16:58.848,2244608,1657,
13-08-2020 14:16:58.848,2244608,1630,
13-08-2020 14:16:58.848,2244608,1603,
13-08-2020 14:16:58.848,2244608,1576,
13-08-2020 14:16:58.848,2244608,1548,
13-08-2020 14:16:58.848,2244608,1523,
13-08-2020 14:16:58.848,2244608,1498,
13-08-2020 14:16:58.848,2244608,1474,
13-08-2020 14:16:58.848,2244608,1450,
13-08-2020 14:16:58.848,2244608,1423,
13-08-2020 14:16:58.848,2244608,1395,
13-08-2020 14:16:58.848,2244608,1361,
13-08-2020 14:16:58.848,2244608,1327,
13-08-2020 14:16:58.848,2244608,1293,
13-08-2020 14:16:58.848,2244608,1259,
13-08-2020 14:16:58.848,2244608,1243,
13-08-2020 14:16:58.848,2244608,1227,
13-08-2020 14:16:58.848,2244608,1251,
13-08-2020 14:16:58.848,2244608,1275,
13-08-2020 14:16:59.104,2246656,1359,
13-08-2020 14:16:59.104,2246656,1443,
13-08-2020 14:16:59.104,2246656,1588,
13-08-2020 14:16:59.104,2246656,1733,
13-08-2020 14:16:59.104,2246656,1919,
13-08-2020 14:16:59.104,2246656,2105,
13-08-2020 14:16:59.104,2246656,2296,
13-08-2020 14:16:59.104,2246656,2487,
13-08-2020 14:16:59.104,2246656,2644,
13-08-2020 14:16:59.104,2246656,2801,
13-08-2020 14:16:59.104,2246656,2897,
13-08-2020 14:16:59.104,2246656,2993,
13-08-2020 14:16:59.104,2246656,3023,
13-08-2020 14:16:59.104,2246656,3052,
13-08-2020 14:16:59.104,2246656,3031,
13-08-2020 14:16:59.104,2246656,3009,
13-08-2020 14:16:59.104,2246656,2960,
13-08-2020 14:16:59.104,2246656,2911,
13-08-2020 14:16:59.104,2246656,2859,
13-08-2020 14:16:59.104,2246656,2806,
13-08-2020 14:16:59.104,2246656,2760,
13-08-2020 14:16:59.104,2246656,2713,
13-08-2020 14:16:59.104,2246656,2674,
13-08-2020 14:16:59.104,2246656,2634,
13-08-2020 14:16:59.104,2246656,2596,
13-08-2020 14:16:59.104,2246656,2557,
13-08-2020 14:16:59.104,2246656,2516,
13-08-2020 14:16:59.104,2246656,2475,
13-08-2020 14:16:59.104,2246656,2433,
13-08-2020 14:16:59.104,2246656,2390,
13-08-2020 14:16:59.104,2246656,2355,
13-08-2020 14:16:59.104,2246656,2320,
13-08-2020 14:16:59.360,2248704,2300,
13-08-2020 14:16:59.360,2248704,2279,
13-08-2020 14:16:59.360,2248704,2277,
13-08-2020 14:16:59.360,2248704,2275,
13-08-2020 14:16:59.360,2248704,2287,
13-08-2020 14:16:59.360,2248704,2299,
13-08-2020 14:16:59.360,2248704,2319,
13-08-2020 14:16:59.360,2248704,2338,
13-08-2020 14:16:59.360,2248704,2356,
13-08-2020 14:16:59.360,2248704,2374,
13-08-2020 14:16:59.360,2248704,2385,
13-08-2020 14:16:59.360,2248704,2396,
13-08-2020 14:16:59.360,2248704,2398,
13-08-2020 14:16:59.360,2248704,2400,
13-08-2020 14:16:59.360,2248704,2394,
13-08-2020 14:16:59.360,2248704,2387,
13-08-2020 14:16:59.360,2248704,2374,
13-08-2020 14:16:59.360,2248704,2360,
13-08-2020 14:16:59.360,2248704,2343,
13-08-2020 14:16:59.360,2248704,2325,
13-08-2020 14:16:59.360,2248704,2303,
13-08-2020 14:16:59.360,2248704,2280,
13-08-2020 14:16:59.360,2248704,2255,
13-08-2020 14:16:59.360,2248704,2230,
13-08-2020 14:16:59.360,2248704,2205,
13-08-2020 14:16:59.360,2248704,2180,
13-08-2020 14:16:59.360,2248704,2157,
13-08-2020 14:16:59.360,2248704,2134,
13-08-2020 14:16:59.360,2248704,2116,
13-08-2020 14:16:59.360,2248704,2097,
13-08-2020 14:16:59.360,2248704,2084,
13-08-2020 14:16:59.360,2248704,2071,
13-08-2020 14:16:59.616,2250752,2061,
13-08-2020 14:16:59.616,2250752,2051,
13-08-2020 14:16:59.616,2250752,2042,
13-08-2020 14:16:59.616,2250752,2032,
13-08-2020 14:16:59.616,2250752,2020,
13-08-2020 14:16:59.616,2250752,2007,
13-08-2020 14:16:59.616,2250752,1991,
13-08-2020 14:16:59.616,2250752,1975,
13-08-2020 14:16:59.616,2250752,1958,
13-08-2020 14:16:59.616,2250752,1940,
13-08-2020 14:16:59.616,2250752,1923,
13-08-2020 14:16:59.616,2250752,1905,
13-08-2020 14:16:59.616,2250752,1891,
13-08-2020 14:16:59.616,2250752,1876,
13-08-2020 14:16:59.616,2250752,1865,
13-08-2020 14:16:59.616,2250752,1854,
13-08-2020 14:16:59.616,2250752,1845,
13-08-2020 14:16:59.616,2250752,1835,
13-08-2020 14:16:59.616,2250752,1824,
13-08-2020 14:16:59.616,2250752,1812,
13-08-2020 14:16:59.616,2250752,1798,
13-08-2020 14:16:59.616,2250752,1784,
13-08-2020 14:16:59.616,2250752,1767,
13-08-2020 14:16:59.616,2250752,1749,
13-08-2020 14:16:59.616,2250752,1731,
13-08-2020 14:16:59.616,2250752,1713,
13-08-2020 14:16:59.616,2250752,1697,
13-08-2020 14:16:59.616,2250752,1680,
13-08-2020 14:16:59.616,2250752,1666,
13-08-2020 14:16:59.616,2250752,1652,
13-08-2020 14:16:59.616,2250752,1639,
13-08-2020 14:16:59.616,2250752,1626,
13-08-2020 14:16:59.872,2252800,1611,
13-08-2020 14:16:59.872,2252800,1595,
13-08-2020 14:16:59.872,2252800,1577,
13-08-2020 14:16:59.872,2252800,1558,
13-08-2020 14:16:59.872,2252800,1539,
13-08-2020 14:16:59.872,2252800,1519,
13-08-2020 14:16:59.872,2252800,1505,
13-08-2020 14:16:59.872,2252800,1490,
13-08-2020 14:16:59.872,2252800,1487,
13-08-2020 14:16:59.872,2252800,1483,
13-08-2020 14:16:59.872,2252800,1490,
13-08-2020 14:16:59.872,2252800,1497,
13-08-2020 14:16:59.872,2252800,1507,
13-08-2020 14:16:59.872,2252800,1516,
13-08-2020 14:16:59.872,2252800,1518,
13-08-2020 14:16:59.872,2252800,1519,
13-08-2020 14:16:59.872,2252800,1503,
13-08-2020 14:16:59.872,2252800,1486,
13-08-2020 14:16:59.872,2252800,1454,
13-08-2020 14:16:59.872,2252800,1421,
13-08-2020 14:16:59.872,2252800,1388,
13-08-2020 14:16:59.872,2252800,1355,
13-08-2020 14:16:59.872,2252800,1349,
13-08-2020 14:16:59.872,2252800,1343,
13-08-2020 14:16:59.872,2252800,1388,
13-08-2020 14:16:59.872,2252800,1432,
13-08-2020 14:16:59.872,2252800,1540,
13-08-2020 14:16:59.872,2252800,1647,
13-08-2020 14:16:59.872,2252800,1805,
13-08-2020 14:16:59.872,2252800,1962,
13-08-2020 14:16:59.872,2252800,2139,
13-08-2020 14:16:59.872,2252800,2316,
13-08-2020 14:17:00.128,2254848,2473,
13-08-2020 14:17:00.128,2254848,2630,
13-08-2020 14:17:00.128,2254848,2736,
13-08-2020 14:17:00.128,2254848,2841,
13-08-2020 14:17:00.128,2254848,2883,
13-08-2020 14:17:00.128,2254848,2924,
13-08-2020 14:17:00.128,2254848,2912,
13-08-2020 14:17:00.128,2254848,2899,
13-08-2020 14:17:00.128,2254848,2855,
13-08-2020 14:17:00.128,2254848,2811,
13-08-2020 14:17:00.128,2254848,2760,
13-08-2020 14:17:00.128,2254848,2709,
13-08-2020 14:17:00.128,2254848,2665,
13-08-2020 14:17:00.128,2254848,2620,
13-08-2020 14:17:00.128,2254848,2584,
13-08-2020 14:17:00.128,2254848,2548,
13-08-2020 14:17:00.128,2254848,2514,
13-08-2020 14:17:00.128,2254848,2479,
13-08-2020 14:17:00.128,2254848,2442,
13-08-2020 14:17:00.128,2254848,2404,
13-08-2020 14:17:00.128,2254848,2363,
13-08-2020 14:17:00.128,2254848,2321,
13-08-2020 14:17:00.128,2254848,2285,
13-08-2020 14:17:00.128,2254848,2248,
13-08-2020 14:17:00.128,2254848,2226,
13-08-2020 14:17:00.128,2254848,2204,
13-08-2020 14:17:00.128,2254848,2204,
13-08-2020 14:17:00.128,2254848,2203,
13-08-2020 14:17:00.128,2254848,2221,
13-08-2020 14:17:00.128,2254848,2238,
13-08-2020 14:17:00.128,2254848,2266,
13-08-2020 14:17:00.128,2254848,2294,
13-08-2020 14:17:00.384,2256896,2320,
13-08-2020 14:17:00.384,2256896,2346,
13-08-2020 14:17:00.384,2256896,2362,
13-08-2020 14:17:00.384,2256896,2378,
13-08-2020 14:17:00.384,2256896,2382,
13-08-2020 14:17:00.384,2256896,2386,
13-08-2020 14:17:00.384,2256896,2381,
13-08-2020 14:17:00.384,2256896,2375,
13-08-2020 14:17:00.384,2256896,2365,
13-08-2020 14:17:00.384,2256896,2354,
13-08-2020 14:17:00.384,2256896,2341,
13-08-2020 14:17:00.384,2256896,2327,
13-08-2020 14:17:00.384,2256896,2310,
13-08-2020 14:17:00.384,2256896,2292,
13-08-2020 14:17:00.384,2256896,2268,
13-08-2020 14:17:00.384,2256896,2244,
13-08-2020 14:17:00.384,2256896,2215,
13-08-2020 14:17:00.384,2256896,2185,
13-08-2020 14:17:00.384,2256896,2152,
13-08-2020 14:17:00.384,2256896,2118,
13-08-2020 14:17:00.384,2256896,2088,
13-08-2020 14:17:00.384,2256896,2057,
13-08-2020 14:17:00.384,2256896,2034,
13-08-2020 14:17:00.384,2256896,2011,
13-08-2020 14:17:00.384,2256896,1998,
13-08-2020 14:17:00.384,2256896,1985,
13-08-2020 14:17:00.384,2256896,1979,
13-08-2020 14:17:00.384,2256896,1973,
13-08-2020 14:17:00.384,2256896,1970,
13-08-2020 14:17:00.384,2256896,1967,
13-08-2020 14:17:00.384,2256896,1962,
13-08-2020 14:17:00.384,2256896,1956,
13-08-2020 14:17:00.640,2258944,1946,
13-08-2020 14:17:00.640,2258944,1936,
13-08-2020 14:17:00.640,2258944,1923,
13-08-2020 14:17:00.640,2258944,1910,
13-08-2020 14:17:00.640,2258944,1898,
13-08-2020 14:17:00.640,2258944,1885,
13-08-2020 14:17:00.640,2258944,1875,
13-08-2020 14:17:00.640,2258944,1865,
13-08-2020 14:17:00.640,2258944,1858,
13-08-2020 14:17:00.640,2258944,1850,
13-08-2020 14:17:00.640,2258944,1843,
13-08-2020 14:17:00.640,2258944,1835,
13-08-2020 14:17:00.640,2258944,1825,
13-08-2020 14:17:00.640,2258944,1815,
13-08-2020 14:17:00.640,2258944,1802,
13-08-2020 14:17:00.640,2258944,1789,
13-08-2020 14:17:00.640,2258944,1776,
13-08-2020 14:17:00.640,2258944,1763,
13-08-2020 14:17:00.640,2258944,1753,
13-08-2020 14:17:00.640,2258944,1743,
13-08-2020 14:17:00.640,2258944,1737,
13-08-2020 14:17:00.640,2258944,1731,
13-08-2020 14:17:00.640,2258944,1726,
13-08-2020 14:17:00.640,2258944,1720,
13-08-2020 14:17:00.640,2258944,1712,
13-08-2020 14:17:00.640,2258944,1704,
13-08-2020 14:17:00.640,2258944,1690,
13-08-2020 14:17:00.640,2258944,1676,
13-08-2020 14:17:00.640,2258944,1655,
13-08-2020 14:17:00.640,2258944,1634,
13-08-2020 14:17:00.640,2258944,1611,
13-08-2020 14:17:00.640,2258944,1587,
13-08-2020 14:17:00.896,2260992,1566,
13-08-2020 14:17:00.896,2260992,1544,
13-08-2020 14:17:00.896,2260992,1528,
13-08-2020 14:17:00.896,2260992,1511,
13-08-2020 14:17:00.896,2260992,1495,
13-08-2020 14:17:00.896,2260992,1478,
13-08-2020 14:17:00.896,2260992,1455,
13-08-2020 14:17:00.896,2260992,1432,
13-08-2020 14:17:00.896,2260992,1397,
13-08-2020 14:17:00.896,2260992,1361,
13-08-2020 14:17:00.896,2260992,1319,
13-08-2020 14:17:00.896,2260992,1277,
13-08-2020 14:17:00.896,2260992,1245,
13-08-2020 14:17:00.896,2260992,1212,
13-08-2020 14:17:00.896,2260992,1216,
13-08-2020 14:17:00.896,2260992,1220,
13-08-2020 14:17:00.896,2260992,1283,
13-08-2020 14:17:00.896,2260992,1345,
13-08-2020 14:17:00.896,2260992,1473,
13-08-2020 14:17:00.896,2260992,1601,
13-08-2020 14:17:00.896,2260992,1780,
13-08-2020 14:17:00.896,2260992,1958,
13-08-2020 14:17:00.896,2260992,2153,
13-08-2020 14:17:00.896,2260992,2348,
13-08-2020 14:17:00.896,2260992,2520,
13-08-2020 14:17:00.896,2260992,2691,
13-08-2020 14:17:00.896,2260992,2809,
13-08-2020 14:17:00.896,2260992,2926,
13-08-2020 14:17:00.896,2260992,2979,
13-08-2020 14:17:00.896,2260992,3031,
13-08-2020 14:17:00.896,2260992,3029,
13-08-2020 14:17:00.896,2260992,3026,
13-08-2020 14:17:01.152,2263040,2991,
13-08-2020 14:17:01.152,2263040,2955,
13-08-2020 14:17:01.152,2263040,2908,
13-08-2020 14:17:01.152,2263040,2861,
13-08-2020 14:17:01.152,2263040,2815,
13-08-2020 14:17:01.152,2263040,2769,
13-08-2020 14:17:01.152,2263040,2726,
13-08-2020 14:17:01.152,2263040,2682,
13-08-2020 14:17:01.152,2263040,2637,
13-08-2020 14:17:01.152,2263040,2592,
13-08-2020 14:17:01.152,2263040,2543,
13-08-2020 14:17:01.152,2263040,2494,
13-08-2020 14:17:01.152,2263040,2447,
13-08-2020 14:17:01.152,2263040,2400,
13-08-2020 14:17:01.152,2263040,2363,
13-08-2020 14:17:01.152,2263040,2326,
13-08-2020 14:17:01.152,2263040,2309,
13-08-2020 14:17:01.152,2263040,2292,
13-08-2020 14:17:01.152,2263040,2298,
13-08-2020 14:17:01.152,2263040,2303,
13-08-2020 14:17:01.152,2263040,2327,
13-08-2020 14:17:01.152,2263040,2351,
13-08-2020 14:17:01.152,2263040,2382,
13-08-2020 14:17:01.152,2263040,2413,
13-08-2020 14:17:01.152,2263040,2439,
13-08-2020 14:17:01.152,2263040,2465,
13-08-2020 14:17:01.152,2263040,2479,
13-08-2020 14:17:01.152,2263040,2493,
13-08-2020 14:17:01.152,2263040,2493,
13-08-2020 14:17:01.152,2263040,2493,
13-08-2020 14:17:01.152,2263040,2481,
13-08-2020 14:17:01.152,2263040,2468,
13-08-2020 14:17:01.408,2265088,2447,
13-08-2020 14:17:01.408,2265088,2426,
13-08-2020 14:17:01.408,2265088,2398,
13-08-2020 14:17:01.408,2265088,2369,
13-08-2020 14:17:01.408,2265088,2336,
13-08-2020 14:17:01.408,2265088,2303,
13-08-2020 14:17:01.408,2265088,2266,
13-08-2020 14:17:01.408,2265088,2229,
13-08-2020 14:17:01.408,2265088,2193,
13-08-2020 14:17:01.408,2265088,2157,
13-08-2020 14:17:01.408,2265088,2125,
13-08-2020 14:17:01.408,2265088,2092,
13-08-2020 14:17:01.408,2265088,2068,
13-08-2020 14:17:01.408,2265088,2043,
13-08-2020 14:17:01.408,2265088,2026,
13-08-2020 14:17:01.408,2265088,2009,
13-08-2020 14:17:01.408,2265088,1996,
13-08-2020 14:17:01.408,2265088,1983,
13-08-2020 14:17:01.408,2265088,1971,
13-08-2020 14:17:01.408,2265088,1959,
13-08-2020 14:17:01.408,2265088,1945,
13-08-2020 14:17:01.408,2265088,1930,
13-08-2020 14:17:01.408,2265088,1913,
13-08-2020 14:17:01.408,2265088,1896,
13-08-2020 14:17:01.408,2265088,1878,
13-08-2020 14:17:01.408,2265088,1859,
13-08-2020 14:17:01.408,2265088,1842,
13-08-2020 14:17:01.408,2265088,1825,
13-08-2020 14:17:01.408,2265088,1809,
13-08-2020 14:17:01.408,2265088,1793,
13-08-2020 14:17:01.408,2265088,1776,
13-08-2020 14:17:01.408,2265088,1759,
13-08-2020 14:17:01.664,2267136,1740,
13-08-2020 14:17:01.664,2267136,1720,
13-08-2020 14:17:01.664,2267136,1700,
13-08-2020 14:17:01.664,2267136,1679,
13-08-2020 14:17:01.664,2267136,1658,
13-08-2020 14:17:01.664,2267136,1637,
13-08-2020 14:17:01.664,2267136,1621,
13-08-2020 14:17:01.664,2267136,1605,
13-08-2020 14:17:01.664,2267136,1594,
13-08-2020 14:17:01.664,2267136,1583,
13-08-2020 14:17:01.664,2267136,1575,
13-08-2020 14:17:01.664,2267136,1567,
13-08-2020 14:17:01.664,2267136,1557,
13-08-2020 14:17:01.664,2267136,1546,
13-08-2020 14:17:01.664,2267136,1530,
13-08-2020 14:17:01.664,2267136,1514,
13-08-2020 14:17:01.664,2267136,1492,
13-08-2020 14:17:01.664,2267136,1470,
13-08-2020 14:17:01.664,2267136,1447,
13-08-2020 14:17:01.664,2267136,1423,
13-08-2020 14:17:01.664,2267136,1402,
13-08-2020 14:17:01.664,2267136,1380,
13-08-2020 14:17:01.664,2267136,1363,
13-08-2020 14:17:01.664,2267136,1346,
13-08-2020 14:17:01.664,2267136,1328,
13-08-2020 14:17:01.664,2267136,1310,
13-08-2020 14:17:01.664,2267136,1284,
13-08-2020 14:17:01.664,2267136,1258,
13-08-2020 14:17:01.664,2267136,1223,
13-08-2020 14:17:01.664,2267136,1187,
13-08-2020 14:17:01.664,2267136,1151,
13-08-2020 14:17:01.664,2267136,1114,
13-08-2020 14:17:01.920,2269184,1098,
13-08-2020 14:17:01.920,2269184,1081,
13-08-2020 14:17:01.920,2269184,1111,
13-08-2020 14:17:01.920,2269184,1141,
13-08-2020 14:17:01.920,2269184,1238,
13-08-2020 14:17:01.920,2269184,1334,
13-08-2020 14:17:01.920,2269184,1496,
13-08-2020 14:17:01.920,2269184,1657,
13-08-2020 14:17:01.920,2269184,1860,
13-08-2020 14:17:01.920,2269184,2063,
13-08-2020 14:17:01.920,2269184,2267,
13-08-2020 14:17:01.920,2269184,2471,
13-08-2020 14:17:01.920,2269184,2634,
13-08-2020 14:17:01.920,2269184,2797,
13-08-2020 14:17:01.920,2269184,2893,
13-08-2020 14:17:01.920,2269184,2988,
13-08-2020 14:17:01.920,2269184,3013,
13-08-2020 14:17:01.920,2269184,3038,
13-08-2020 14:17:01.920,2269184,3010,
13-08-2020 14:17:01.920,2269184,2981,
13-08-2020 14:17:01.920,2269184,2927,
13-08-2020 14:17:01.920,2269184,2872,
13-08-2020 14:17:01.920,2269184,2815,
13-08-2020 14:17:01.920,2269184,2758,
13-08-2020 14:17:01.920,2269184,2710,
13-08-2020 14:17:01.920,2269184,2661,
13-08-2020 14:17:01.920,2269184,2620,
13-08-2020 14:17:01.920,2269184,2578,
13-08-2020 14:17:01.920,2269184,2538,
13-08-2020 14:17:01.920,2269184,2497,
13-08-2020 14:17:01.920,2269184,2453,
13-08-2020 14:17:01.920,2269184,2409,
13-08-2020 14:17:02.176,2271232,2366,
13-08-2020 14:17:02.176,2271232,2323,
13-08-2020 14:17:02.176,2271232,2288,
13-08-2020 14:17:02.176,2271232,2253,
13-08-2020 14:17:02.176,2271232,2236,
13-08-2020 14:17:02.176,2271232,2219,
13-08-2020 14:17:02.176,2271232,2222,
13-08-2020 14:17:02.176,2271232,2224,
13-08-2020 14:17:02.176,2271232,2243,
13-08-2020 14:17:02.176,2271232,2262,
13-08-2020 14:17:02.176,2271232,2288,
13-08-2020 14:17:02.176,2271232,2314,
13-08-2020 14:17:02.176,2271232,2338,
13-08-2020 14:17:02.176,2271232,2361,
13-08-2020 14:17:02.176,2271232,2375,
13-08-2020 14:17:02.176,2271232,2389,
13-08-2020 14:17:02.176,2271232,2390,
13-08-2020 14:17:02.176,2271232,2391,
13-08-2020 14:17:02.176,2271232,2380,
13-08-2020 14:17:02.176,2271232,2368,
13-08-2020 14:17:02.176,2271232,2346,
13-08-2020 14:17:02.176,2271232,2323,
13-08-2020 14:17:02.176,2271232,2294,
13-08-2020 14:17:02.176,2271232,2264,
13-08-2020 14:17:02.176,2271232,2231,
13-08-2020 14:17:02.176,2271232,2198,
13-08-2020 14:17:02.176,2271232,2166,
13-08-2020 14:17:02.176,2271232,2133,
13-08-2020 14:17:02.176,2271232,2104,
13-08-2020 14:17:02.176,2271232,2075,
13-08-2020 14:17:02.176,2271232,2052,
13-08-2020 14:17:02.176,2271232,2029,
13-08-2020 14:17:02.432,2273280,2009,
13-08-2020 14:17:02.432,2273280,1988,
13-08-2020 14:17:02.432,2273280,1969,
13-08-2020 14:17:02.432,2273280,1950,
13-08-2020 14:17:02.432,2273280,1930,
13-08-2020 14:17:02.432,2273280,1909,
13-08-2020 14:17:02.432,2273280,1887,
13-08-2020 14:17:02.432,2273280,1865,
13-08-2020 14:17:02.432,2273280,1843,
13-08-2020 14:17:02.432,2273280,1820,
13-08-2020 14:17:02.432,2273280,1801,
13-08-2020 14:17:02.432,2273280,1782,
13-08-2020 14:17:02.432,2273280,1767,
13-08-2020 14:17:02.432,2273280,1751,
13-08-2020 14:17:02.432,2273280,1739,
13-08-2020 14:17:02.432,2273280,1726,
13-08-2020 14:17:02.432,2273280,1712,
13-08-2020 14:17:02.432,2273280,1698,
13-08-2020 14:17:02.432,2273280,1682,
13-08-2020 14:17:02.432,2273280,1666,
13-08-2020 14:17:02.432,2273280,1647,
13-08-2020 14:17:02.432,2273280,1627,
13-08-2020 14:17:02.432,2273280,1607,
13-08-2020 14:17:02.432,2273280,1587,
13-08-2020 14:17:02.432,2273280,1569,
13-08-2020 14:17:02.432,2273280,1551,
13-08-2020 14:17:02.432,2273280,1536,
13-08-2020 14:17:02.432,2273280,1521,
13-08-2020 14:17:02.432,2273280,1506,
13-08-2020 14:17:02.432,2273280,1491,
13-08-2020 14:17:02.432,2273280,1475,
13-08-2020 14:17:02.432,2273280,1458,
13-08-2020 14:17:02.688,2275328,1438,
13-08-2020 14:17:02.688,2275328,1418,
13-08-2020 14:17:02.688,2275328,1397,
13-08-2020 14:17:02.688,2275328,1375,
13-08-2020 14:17:02.688,2275328,1355,
13-08-2020 14:17:02.688,2275328,1335,
13-08-2020 14:17:02.688,2275328,1316,
13-08-2020 14:17:02.688,2275328,1297,
13-08-2020 14:17:02.688,2275328,1277,
13-08-2020 14:17:02.688,2275328,1257,
13-08-2020 14:17:02.688,2275328,1230,
13-08-2020 14:17:02.688,2275328,1202,
13-08-2020 14:17:02.688,2275328,1165,
13-08-2020 14:17:02.688,2275328,1128,
13-08-2020 14:17:02.688,2275328,1088,
13-08-2020 14:17:02.688,2275328,1048,
13-08-2020 14:17:02.688,2275328,1036,
13-08-2020 14:17:02.688,2275328,1024,
13-08-2020 14:17:02.688,2275328,1034,
13-08-2020 14:17:02.688,2275328,1044,
13-08-2020 14:17:02.688,2275328,1124,
13-08-2020 14:17:02.688,2275328,1204,
13-08-2020 14:17:02.688,2275328,1348,
13-08-2020 14:17:02.688,2275328,1492,
13-08-2020 14:17:02.688,2275328,1683,
13-08-2020 14:17:02.688,2275328,1874,
13-08-2020 14:17:02.688,2275328,2076,
13-08-2020 14:17:02.688,2275328,2277,
13-08-2020 14:17:02.688,2275328,2450,
13-08-2020 14:17:02.688,2275328,2622,
13-08-2020 14:17:02.688,2275328,2736,
13-08-2020 14:17:02.688,2275328,2849,
13-08-2020 14:17:02.944,2277376,2895,
13-08-2020 14:17:02.944,2277376,2940,
13-08-2020 14:17:02.944,2277376,2931,
13-08-2020 14:17:02.944,2277376,2921,
13-08-2020 14:17:02.944,2277376,2882,
13-08-2020 14:17:02.944,2277376,2842,
13-08-2020 14:17:02.944,2277376,2796,
13-08-2020 14:17:02.944,2277376,2749,
13-08-2020 14:17:02.944,2277376,2710,
13-08-2020 14:17:02.944,2277376,2670,
13-08-2020 14:17:02.944,2277376,2639,
13-08-2020 14:17:02.944,2277376,2607,
13-08-2020 14:17:02.944,2277376,2575,
13-08-2020 14:17:02.944,2277376,2543,
13-08-2020 14:17:02.944,2277376,2505,
13-08-2020 14:17:02.944,2277376,2466,
13-08-2020 14:17:02.944,2277376,2421,
13-08-2020 14:17:02.944,2277376,2376,
13-08-2020 14:17:02.944,2277376,2332,
13-08-2020 14:17:02.944,2277376,2288,
13-08-2020 14:17:02.944,2277376,2255,
13-08-2020 14:17:02.944,2277376,2222,
13-08-2020 14:17:02.944,2277376,2209,
13-08-2020 14:17:02.944,2277376,2195,
13-08-2020 14:17:02.944,2277376,2201,
13-08-2020 14:17:02.944,2277376,2206,
13-08-2020 14:17:02.944,2277376,2225,
13-08-2020 14:17:02.944,2277376,2243,
13-08-2020 14:17:02.944,2277376,2263,
13-08-2020 14:17:02.944,2277376,2283,
13-08-2020 14:17:02.944,2277376,2298,
13-08-2020 14:17:02.944,2277376,2313,
13-08-2020 14:17:03.200,2279424,2318,
13-08-2020 14:17:03.200,2279424,2322,
13-08-2020 14:17:03.200,2279424,2319,
13-08-2020 14:17:03.200,2279424,2315,
13-08-2020 14:17:03.200,2279424,2304,
13-08-2020 14:17:03.200,2279424,2293,
13-08-2020 14:17:03.200,2279424,2278,
13-08-2020 14:17:03.200,2279424,2263,
13-08-2020 14:17:03.200,2279424,2244,
13-08-2020 14:17:03.200,2279424,2224,
13-08-2020 14:17:03.200,2279424,2201,
13-08-2020 14:17:03.200,2279424,2177,
13-08-2020 14:17:03.200,2279424,2150,
13-08-2020 14:17:03.200,2279424,2122,
13-08-2020 14:17:03.200,2279424,2094,
13-08-2020 14:17:03.200,2279424,2066,
13-08-2020 14:17:03.200,2279424,2040,
13-08-2020 14:17:03.200,2279424,2014,
13-08-2020 14:17:03.200,2279424,1993,
13-08-2020 14:17:03.200,2279424,1972,
13-08-2020 14:17:03.200,2279424,1957,
13-08-2020 14:17:03.200,2279424,1941,
13-08-2020 14:17:03.200,2279424,1929,
13-08-2020 14:17:03.200,2279424,1917,
13-08-2020 14:17:03.200,2279424,1905,
13-08-2020 14:17:03.200,2279424,1893,
13-08-2020 14:17:03.200,2279424,1880,
13-08-2020 14:17:03.200,2279424,1867,
13-08-2020 14:17:03.200,2279424,1854,
13-08-2020 14:17:03.200,2279424,1841,
13-08-2020 14:17:03.200,2279424,1832,
13-08-2020 14:17:03.200,2279424,1822,
13-08-2020 14:17:03.456,2281472,1817,
13-08-2020 14:17:03.456,2281472,1812,
13-08-2020 14:17:03.456,2281472,1810,
13-08-2020 14:17:03.456,2281472,1808,
13-08-2020 14:17:03.456,2281472,1805,
13-08-2020 14:17:03.456,2281472,1802,
13-08-2020 14:17:03.456,2281472,1792,
13-08-2020 14:17:03.456,2281472,1781,
13-08-2020 14:17:03.456,2281472,1762,
13-08-2020 14:17:03.456,2281472,1742,
13-08-2020 14:17:03.456,2281472,1716,
13-08-2020 14:17:03.456,2281472,1690,
13-08-2020 14:17:03.456,2281472,1665,
13-08-2020 14:17:03.456,2281472,1639,
13-08-2020 14:17:03.456,2281472,1618,
13-08-2020 14:17:03.456,2281472,1596,
13-08-2020 14:17:03.456,2281472,1580,
13-08-2020 14:17:03.456,2281472,1564,
13-08-2020 14:17:03.456,2281472,1546,
13-08-2020 14:17:03.456,2281472,1528,
13-08-2020 14:17:03.456,2281472,1502,
13-08-2020 14:17:03.456,2281472,1475,
13-08-2020 14:17:03.456,2281472,1437,
13-08-2020 14:17:03.456,2281472,1399,
13-08-2020 14:17:03.456,2281472,1361,
13-08-2020 14:17:03.456,2281472,1322,
13-08-2020 14:17:03.456,2281472,1304,
13-08-2020 14:17:03.456,2281472,1285,
13-08-2020 14:17:03.456,2281472,1314,
13-08-2020 14:17:03.456,2281472,1342,
13-08-2020 14:17:03.456,2281472,1432,
13-08-2020 14:17:03.456,2281472,1521,
13-08-2020 14:17:03.712,2283520,1670,
13-08-2020 14:17:03.712,2283520,1819,
13-08-2020 14:17:03.712,2283520,2001,
13-08-2020 14:17:03.712,2283520,2182,
13-08-2020 14:17:03.712,2283520,2359,
13-08-2020 14:17:03.712,2283520,2536,
13-08-2020 14:17:03.712,2283520,2672,
13-08-2020 14:17:03.712,2283520,2808,
13-08-2020 14:17:03.712,2283520,2884,
13-08-2020 14:17:03.712,2283520,2959,
13-08-2020 14:17:03.712,2283520,2975,
13-08-2020 14:17:03.712,2283520,2991,
13-08-2020 14:17:03.712,2283520,2968,
13-08-2020 14:17:03.712,2283520,2945,
13-08-2020 14:17:03.712,2283520,2908,
13-08-2020 14:17:03.712,2283520,2871,
13-08-2020 14:17:03.712,2283520,2838,
13-08-2020 14:17:03.712,2283520,2805,
13-08-2020 14:17:03.712,2283520,2782,
13-08-2020 14:17:03.712,2283520,2759,
13-08-2020 14:17:03.712,2283520,2740,
13-08-2020 14:17:03.712,2283520,2720,
13-08-2020 14:17:03.712,2283520,2695,
13-08-2020 14:17:03.712,2283520,2670,
13-08-2020 14:17:03.712,2283520,2635,
13-08-2020 14:17:03.712,2283520,2599,
13-08-2020 14:17:03.712,2283520,2557,
13-08-2020 14:17:03.712,2283520,2514,
13-08-2020 14:17:03.712,2283520,2474,
13-08-2020 14:17:03.712,2283520,2433,
13-08-2020 14:17:03.712,2283520,2405,
13-08-2020 14:17:03.712,2283520,2376,
13-08-2020 14:17:03.968,2285568,2363,
13-08-2020 14:17:03.968,2285568,2349,
13-08-2020 14:17:03.968,2285568,2349,
13-08-2020 14:17:03.968,2285568,2348,
13-08-2020 14:17:03.968,2285568,2354,
13-08-2020 14:17:03.968,2285568,2359,
13-08-2020 14:17:03.968,2285568,2364,
13-08-2020 14:17:03.968,2285568,2368,
13-08-2020 14:17:03.968,2285568,2367,
13-08-2020 14:17:03.968,2285568,2365,
13-08-2020 14:17:03.968,2285568,2359,
13-08-2020 14:17:03.968,2285568,2353,
13-08-2020 14:17:03.968,2285568,2343,
13-08-2020 14:17:03.968,2285568,2333,
13-08-2020 14:17:03.968,2285568,2321,
13-08-2020 14:17:03.968,2285568,2308,
13-08-2020 14:17:03.968,2285568,2291,
13-08-2020 14:17:03.968,2285568,2273,
13-08-2020 14:17:03.968,2285568,2251,
13-08-2020 14:17:03.968,2285568,2228,
13-08-2020 14:17:03.968,2285568,2199,
13-08-2020 14:17:03.968,2285568,2170,
13-08-2020 14:17:03.968,2285568,2137,
13-08-2020 14:17:03.968,2285568,2104,
13-08-2020 14:17:03.968,2285568,2072,
13-08-2020 14:17:03.968,2285568,2039,
13-08-2020 14:17:03.968,2285568,2011,
13-08-2020 14:17:03.968,2285568,1982,
13-08-2020 14:17:03.968,2285568,1959,
13-08-2020 14:17:03.968,2285568,1936,
13-08-2020 14:17:03.968,2285568,1918,
13-08-2020 14:17:03.968,2285568,1899,
13-08-2020 14:17:04.224,2287616,1881,
13-08-2020 14:17:04.224,2287616,1862,
13-08-2020 14:17:04.224,2287616,1842,
13-08-2020 14:17:04.224,2287616,1821,
13-08-2020 14:17:04.224,2287616,1800,
13-08-2020 14:17:04.224,2287616,1778,
13-08-2020 14:17:04.224,2287616,1757,
13-08-2020 14:17:04.224,2287616,1736,
13-08-2020 14:17:04.224,2287616,1720,
13-08-2020 14:17:04.224,2287616,1703,
13-08-2020 14:17:04.224,2287616,1691,
13-08-2020 14:17:04.224,2287616,1679,
13-08-2020 14:17:04.224,2287616,1670,
13-08-2020 14:17:04.224,2287616,1661,
13-08-2020 14:17:04.224,2287616,1650,
13-08-2020 14:17:04.224,2287616,1638,
13-08-2020 14:17:04.224,2287616,1623,
13-08-2020 14:17:04.224,2287616,1607,
13-08-2020 14:17:04.224,2287616,1588,
13-08-2020 14:17:04.224,2287616,1568,
13-08-2020 14:17:04.224,2287616,1548,
13-08-2020 14:17:04.224,2287616,1528,
13-08-2020 14:17:04.224,2287616,1511,
13-08-2020 14:17:04.224,2287616,1493,
13-08-2020 14:17:04.224,2287616,1478,
13-08-2020 14:17:04.224,2287616,1463,
13-08-2020 14:17:04.224,2287616,1446,
13-08-2020 14:17:04.224,2287616,1428,
13-08-2020 14:17:04.224,2287616,1403,
13-08-2020 14:17:04.224,2287616,1377,
13-08-2020 14:17:04.224,2287616,1341,
13-08-2020 14:17:04.224,2287616,1305,
13-08-2020 14:17:04.480,2289664,1267,
13-08-2020 14:17:04.480,2289664,1229,
13-08-2020 14:17:04.480,2289664,1208,
13-08-2020 14:17:04.480,2289664,1187,
13-08-2020 14:17:04.480,2289664,1207,
13-08-2020 14:17:04.480,2289664,1227,
13-08-2020 14:17:04.480,2289664,1306,
13-08-2020 14:17:04.480,2289664,1384,
13-08-2020 14:17:04.480,2289664,1523,
13-08-2020 14:17:04.480,2289664,1662,
13-08-2020 14:17:04.480,2289664,1842,
13-08-2020 14:17:04.480,2289664,2022,
13-08-2020 14:17:04.480,2289664,2210,
13-08-2020 14:17:04.480,2289664,2397,
13-08-2020 14:17:04.480,2289664,2555,
13-08-2020 14:17:04.480,2289664,2712,
13-08-2020 14:17:04.480,2289664,2814,
13-08-2020 14:17:04.480,2289664,2915,
13-08-2020 14:17:04.480,2289664,2954,
13-08-2020 14:17:04.480,2289664,2993,
13-08-2020 14:17:04.480,2289664,2983,
13-08-2020 14:17:04.480,2289664,2972,
13-08-2020 14:17:04.480,2289664,2937,
13-08-2020 14:17:04.480,2289664,2902,
13-08-2020 14:17:04.480,2289664,2865,
13-08-2020 14:17:04.480,2289664,2828,
13-08-2020 14:17:04.480,2289664,2802,
13-08-2020 14:17:04.480,2289664,2776,
13-08-2020 14:17:04.480,2289664,2761,
13-08-2020 14:17:04.480,2289664,2746,
13-08-2020 14:17:04.480,2289664,2734,
13-08-2020 14:17:04.480,2289664,2722,
13-08-2020 14:17:04.736,2291712,2703,
13-08-2020 14:17:04.736,2291712,2684,
13-08-2020 14:17:04.736,2291712,2654,
13-08-2020 14:17:04.736,2291712,2623,
13-08-2020 14:17:04.736,2291712,2584,
13-08-2020 14:17:04.736,2291712,2545,
13-08-2020 14:17:04.736,2291712,2506,
13-08-2020 14:17:04.736,2291712,2467,
13-08-2020 14:17:04.736,2291712,2436,
13-08-2020 14:17:04.736,2291712,2405,
13-08-2020 14:17:04.736,2291712,2388,
13-08-2020 14:17:04.736,2291712,2371,
13-08-2020 14:17:04.736,2291712,2367,
13-08-2020 14:17:04.736,2291712,2362,
13-08-2020 14:17:04.736,2291712,2366,
13-08-2020 14:17:04.736,2291712,2370,
13-08-2020 14:17:04.736,2291712,2376,
13-08-2020 14:17:04.736,2291712,2381,
13-08-2020 14:17:04.736,2291712,2383,
13-08-2020 14:17:04.736,2291712,2384,
13-08-2020 14:17:04.736,2291712,2378,
13-08-2020 14:17:04.736,2291712,2372,
13-08-2020 14:17:04.736,2291712,2358,
13-08-2020 14:17:04.736,2291712,2344,
13-08-2020 14:17:04.736,2291712,2323,
13-08-2020 14:17:04.736,2291712,2302,
13-08-2020 14:17:04.736,2291712,2277,
13-08-2020 14:17:04.736,2291712,2251,
13-08-2020 14:17:04.736,2291712,2223,
13-08-2020 14:17:04.736,2291712,2194,
13-08-2020 14:17:04.736,2291712,2165,
13-08-2020 14:17:04.736,2291712,2135,
13-08-2020 14:17:04.992,2293760,2106,
13-08-2020 14:17:04.992,2293760,2077,
13-08-2020 14:17:04.992,2293760,2049,
13-08-2020 14:17:04.992,2293760,2021,
13-08-2020 14:17:04.992,2293760,1996,
13-08-2020 14:17:04.992,2293760,1971,
13-08-2020 14:17:04.992,2293760,1949,
13-08-2020 14:17:04.992,2293760,1927,
13-08-2020 14:17:04.992,2293760,1908,
13-08-2020 14:17:04.992,2293760,1888,
13-08-2020 14:17:04.992,2293760,1870,
13-08-2020 14:17:04.992,2293760,1852,
13-08-2020 14:17:04.992,2293760,1834,
13-08-2020 14:17:04.992,2293760,1816,
13-08-2020 14:17:04.992,2293760,1796,
13-08-2020 14:17:04.992,2293760,1776,
13-08-2020 14:17:04.992,2293760,1755,
13-08-2020 14:17:04.992,2293760,1734,
13-08-2020 14:17:04.992,2293760,1713,
13-08-2020 14:17:04.992,2293760,1692,
13-08-2020 14:17:04.992,2293760,1674,
13-08-2020 14:17:04.992,2293760,1655,
13-08-2020 14:17:04.992,2293760,1640,
13-08-2020 14:17:04.992,2293760,1624,
13-08-2020 14:17:04.992,2293760,1612,
13-08-2020 14:17:04.992,2293760,1599,
13-08-2020 14:17:04.992,2293760,1585,
13-08-2020 14:17:04.992,2293760,1571,
13-08-2020 14:17:04.992,2293760,1555,
13-08-2020 14:17:04.992,2293760,1539,
13-08-2020 14:17:04.992,2293760,1519,
13-08-2020 14:17:04.992,2293760,1499,
13-08-2020 14:17:05.248,2295808,1479,
13-08-2020 14:17:05.248,2295808,1459,
13-08-2020 14:17:05.248,2295808,1442,
13-08-2020 14:17:05.248,2295808,1425,
13-08-2020 14:17:05.248,2295808,1412,
13-08-2020 14:17:05.248,2295808,1399,
13-08-2020 14:17:05.248,2295808,1386,
13-08-2020 14:17:05.248,2295808,1373,
13-08-2020 14:17:05.248,2295808,1355,
13-08-2020 14:17:05.248,2295808,1336,
13-08-2020 14:17:05.248,2295808,1306,
13-08-2020 14:17:05.248,2295808,1275,
13-08-2020 14:17:05.248,2295808,1237,
13-08-2020 14:17:05.248,2295808,1199,
13-08-2020 14:17:05.248,2295808,1169,
13-08-2020 14:17:05.248,2295808,1138,
13-08-2020 14:17:05.248,2295808,1138,
13-08-2020 14:17:05.248,2295808,1138,
13-08-2020 14:17:05.248,2295808,1192,
13-08-2020 14:17:05.248,2295808,1246,
13-08-2020 14:17:05.248,2295808,1365,
13-08-2020 14:17:05.248,2295808,1483,
13-08-2020 14:17:05.248,2295808,1656,
13-08-2020 14:17:05.248,2295808,1829,
13-08-2020 14:17:05.248,2295808,2026,
13-08-2020 14:17:05.248,2295808,2222,
13-08-2020 14:17:05.248,2295808,2404,
13-08-2020 14:17:05.248,2295808,2585,
13-08-2020 14:17:05.248,2295808,2718,
13-08-2020 14:17:05.248,2295808,2850,
13-08-2020 14:17:05.248,2295808,2918,
13-08-2020 14:17:05.248,2295808,2985,
